{"cameraMode":{"drawMode":0,"name":"Shaded","section":"Shading Mode"},"sceneLighting":true,"audioPlay":false,"sceneViewState":{"showFog":true,"showMaterialUpdate":false,"showSkybox":true,"showFlares":true,"showImageEffects":true,"showParticleSystems":true},"in2DMode":false,"pivot":{"x":0.7619611620903015,"y":7.047605514526367,"z":-0.4764533042907715},"rotation":{"x":0.024605654180049897,"y":0.9495160579681397,"z":-0.30310994386672976,"w":0.07707948237657547},"size":7.976313591003418,"orthographic":true}