{"cameraMode":{"drawMode":0,"name":"Shaded","section":"Shading Mode"},"sceneLighting":true,"audioPlay":false,"sceneViewState":{"showFog":true,"showMaterialUpdate":false,"showSkybox":true,"showFlares":true,"showImageEffects":true,"showParticleSystems":true},"in2DMode":false,"pivot":{"x":6.420009613037109,"y":6.635106086730957,"z":7.779991149902344},"rotation":{"x":0.024605654180049897,"y":0.9495160579681397,"z":-0.30310994386672976,"w":0.07707948237657547},"size":13.57433795928955,"orthographic":true}